Workbook

Sheet Claims
A1: video_id | B1: claim_id | C1: claim_text | D1: category | E1: time | F1: system_verdict | G1: confidence | H1: confidence_without_nli | I1: nli_agreement | J1: nli_adjustment | K1: conflict_capped | L1: n_sources | M1: summary | N1: cited_urls | O1: gold_label | P1: correct
A2: synthetic | B2: 1 | C2: The human esophagus is about 60 centimeters long. | D2: Science | E2: 00:00-00:00 | F2: FALSE | G2: 0.825 | H2: 0.825 | K2: FALSE | L2: 4 | M2: False – the human esophagus is about 25 cm long, not 60 cm. | N2: https://en.wikipedia.org/wiki/Esophagus https://hypertextbook.com/facts/2001/JenniferTran.shtml https://www.leading-medicine-guide.com/en/anatomy/esophagus https://emedicine.medscape.com/article/1948973-overview | O2: FALSE | P2: =IF(O2="","",IF(O2&""=F2&"",1,0))
A3: synthetic | B3: 2 | C3: Edward Jenner gave the first smallpox vaccine in 1850. | D3: History | E3: 00:00-00:00 | F3: FALSE | G3: 0.642 | H3: 0.642 | K3: FALSE | L3: 5 | M3: False – Jenner introduced the smallpox vaccine in the late 1700s, not in 1850. | N3: https://en.wikipedia.org/wiki/Edward_Jenner https://www.ebsco.com/research-starters/history/jenner-develops-smallpox-vaccination https://www.mayoclinic.org/diseases-conditions/history-disease-outbreaks-vaccine-timeline/smallpox https://www.frontiersin.org/journals/immunology/articles/10.3389/fimmu.2011.00021/full https://www.mcgill.ca/oss/article/medical-critical-thinking-history/white-lie-heart-vaccine-history | O3: FALSE | P3: =IF(O3="","",IF(O3&""=F3&"",1,0))
A4: synthetic | B4: 3 | C4: The human heart has six chambers. | D4: Science | E4: 00:00-00:00 | F4: FALSE | G4: 0.762 | H4: 0.762 | K4: FALSE | L4: 5 | M4: The human heart does not normally have six chambers. | N4: https://www.hri.org.au/health/learn/your-body/the-human-heart https://my.clevelandclinic.org/health/body/23074-heart-chambers https://www.mayoclinic.org/diseases-conditions/aortic-valve-disease/multimedia/chambers-and-valves-of-the-heart/img-20007497 https://www.tiktok.com/@instituteofhumananatomy/video/7579019033773608222?lang=en https://pmc.ncbi.nlm.nih.gov/articles/PMC7733639 | O4: FALSE | P4: =IF(O4="","",IF(O4&""=F4&"",1,0))
A5: synthetic | B5: 4 | C5: The Great Wall of China is visible to the naked eye from the Moon. | D5: Science | E5: 00:00-00:00 | F5: FALSE | G5: 0.725 | H5: 0.725 | K5: FALSE | L5: 5 | M5: The Great Wall cannot be seen with the naked eye from the Moon. | N5: https://www.britannica.com/question/Can-you-see-the-Great-Wall-of-China-from-space https://www.skyatnightmagazine.com/space-science/can-you-see-great-wall-china-from-space https://www.youtube.com/watch?v=itvHEk-RwCI&vl=en-US https://www.instagram.com/reel/DY6Z-aHjSPM?hl=en https://www.wtamu.edu/~cbaird/sq/2012/12/11/what-makes-the-great-wall-of-china-the-only-man-made-object-visible-from-space | O5: FALSE | P5: =IF(O5="","",IF(O5&""=F5&"",1,0))
A6: synthetic | B6: 5 | C6: Lightning never strikes the same place twice. | D6: Science | E6: 00:00-00:00 | F6: FALSE | G6: 0.827 | H6: 0.827 | K6: FALSE | L6: 5 | M6: The claim is false: lightning can and does strike the same place more than once. | N6: https://www.britannica.com/story/can-lightning-strike-the-same-place-twice https://www.westeamahead.org/blog/2025/2/5/mythbuster-lightning-never-strikes-the-same-place-twice https://www.cambridge.org/core/books/fundamentals-of-lightning/is-it-true-that-lightning-never-strikes-the-same-place-twice/4A7060F55C37E1465EC837BD5C6C9F84 https://www.iii.org/article/lightning-safety-10-myths-and-the-facts https://lpsfr.com/en/blog-lightning-never-strikes-twice | O6: FALSE | P6: =IF(O6="","",IF(O6&""=F6&"",1,0))
A7: synthetic | B7: 6 | C7: Humans use only 10 percent of their brains. | D7: Science | E7: 00:00-00:00 | F7: FALSE | G7: 0.827 | H7: 0.827 | K7: FALSE | L7: 5 | M7: No, humans use far more than just 10 % of their brains. | N7: https://www.britannica.com/story/do-we-really-use-only-10-percent-of-our-brain https://mcgovern.mit.edu/2024/01/26/do-we-use-only-10-percent-of-our-brain https://www.scientificamerican.com/article/do-people-only-use-10-percent-of-their-brains https://uamshealth.com/medical-myths/do-people-only-use-10-percent-of-our-brains https://www.psychologicalscience.org/uncategorized/myth-we-only-use-10-of-our-brains.html | O7: FALSE | P7: =IF(O7="","",IF(O7&""=F7&"",1,0))
A8: synthetic | B8: 7 | C8: The Sun orbits the Earth once a year. | D8: Science | E8: 00:00-00:00 | F8: FALSE | G8: 0.762 | H8: 0.762 | K8: FALSE | L8: 4 | M8: No, the Sun does not orbit the Earth; the Earth orbits the Sun each year. | N8: https://en.wikipedia.org/wiki/Earth%27s_orbit https://kidseclipse.com/sun-earth-moon-move https://harpercollege.pressbooks.pub/cosmictime/chapter/9-does-the-earth-orbit-the-sun-once-a-year | O8: FALSE | P8: =IF(O8="","",IF(O8&""=F8&"",1,0))
A9: synthetic | B9: 8 | C9: Vaccines cause autism. | D9: Health | E9: 00:00-00:00 | F9: FALSE | G9: 0.787 | H9: 0.787 | K9: FALSE | L9: 5 | M9: Vaccines do not cause autism. | N9: https://www.factcheck.org/2025/11/revised-cdc-website-about-autism-and-vaccines-is-not-evidence-based https://www.autismspeaks.org/do-vaccines-cause-autism https://media.chop.edu/data/files/pdfs/vaccine-education-center-autism.pdf https://www.vaccinesafety.edu/do-vaccines-cause-autism https://www.aap.org/en/news-room/fact-checked/fact-checked-vaccines-safe-and-effect-no-link-to-autism | O9: FALSE | P9: =IF(O9="","",IF(O9&""=F9&"",1,0))
A10: synthetic | B10: 9 | C10: Water boils at 50 degrees Celsius at sea level. | D10: Science | E10: 00:00-00:00 | F10: FALSE | G10: 0.825 | H10: 0.825 | K10: FALSE | L10: 5 | M10: Water does not boil at 50 °C at sea level; it boils at about 100 °C. | N10: https://en.wikipedia.org/wiki/Boiling_point https://www.ebsco.com/research-starters/science/boiling-points https://www.compoundchem.com/2016/03/22/boiling-point https://www.pewresearch.org/short-reads/2015/09/14/does-waters-boiling-point-change-with-altitude-americans-arent-sure | O10: FALSE | P10: =IF(O10="","",IF(O10&""=F10&"",1,0))
A11: synthetic | B11: 10 | C11: The Earth is only about 6,000 years old. | D11: Science | E11: 00:00-00:00 | F11: UNVERIFIABLE | G11: 0 | H11: 0 | L11: 4 | M11: The claim that Earth is only about 6,000 years old cannot be confirmed from these sources. | N11: https://en.wikipedia.org/wiki/Young_Earth_creationism https://sites.nd.edu/james-applewhite/2020/03/22/age-of-our-earth https://answersingenesis.org/evidence-for-creation/six-evidences-of-young-earth https://peacefulscience.org/prints/origns-yec | O11: FALSE | P11: =IF(O11="","",IF(O11&""=F11&"",1,0))
A12: synthetic | B12: 11 | C12: Mount Everest is located in Brazil. | D12: General | E12: 00:00-00:00 | F12: FALSE | G12: 0.808 | H12: 0.808 | K12: FALSE | L12: 5 | M12: Mount Everest is not in Brazil. | N12: https://www.britannica.com/place/Mount-Everest https://highlandexpeditions.com/where-is-mount-everest-located https://indexadventure.com/blog/where-is-mount-everest-located | O12: FALSE | P12: =IF(O12="","",IF(O12&""=F12&"",1,0))
A13: synthetic | B13: 12 | C13: Antibiotics are effective against viral infections such as the common cold. | D13: Health | E13: 00:00-00:00 | F13: FALSE | G13: 0.812 | H13: 0.812 | K13: FALSE | L13: 5 | M13: Antibiotics do not work against viral infections like the common cold. | N13: https://health.mountsinai.org/blog/are-antibiotics-necessary-for-common-cold-2 https://www.urmc.rochester.edu/news/publications/health-matters/%E2%80%98tis-the-season-colds-flu-and-superbugs https://www.youtube.com/watch?v=652eiZmrXz4 https://www.upmc.com/healthbeat/respiratory-illness/virus-bacteria-cold-cause https://www.mayoclinichealthsystem.org/hometown-health/speaking-of-health/3-reasons-why-you-did-not-receive-antibiotics-from-your-provider | O13: FALSE | P13: =IF(O13="","",IF(O13&""=F13&"",1,0))
A14: synthetic | B14: 13 | C14: An adult human has 306 bones. | D14: Science | E14: 00:00-00:00 | F14: FALSE | G14: 0.629 | H14: 0.629 | K14: FALSE | L14: 5 | M14: Adults do not have 306 bones; they typically have about 206. | N14: https://www.livescience.com/health/how-common-is-it-to-have-extra-bones-in-your-skeleton https://www.sciencefocus.com/the-human-body/how-many-bones-do-people-have https://www.instagram.com/reel/DJE-jvjtPwr?hl=en https://theconversation.com/six-fun-facts-about-the-human-skeleton-123711 https://acibademinternational.com/blog/how-many-bones-in-the-human-body-a-skeletons-inventory | O14: FALSE | P14: =IF(O14="","",IF(O14&""=F14&"",1,0))
A15: synthetic | B15: 14 | C15: The Pacific Ocean is the smallest ocean on Earth. | D15: General | E15: 00:00-00:00 | F15: FALSE | G15: 0.799 | H15: 0.799 | K15: FALSE | L15: 5 | M15: The Pacific Ocean is not the smallest; it is the largest ocean. | N15: https://en.wikipedia.org/wiki/Pacific_Ocean https://www.worldatlas.com/oceans/pacific-ocean.html https://www.newworldencyclopedia.org/entry/Pacific_Ocean https://www.bluereefaquarium.co.uk/portsmouth/blog/education/what-is-the-smallest-ocean-in-the-world https://www.nationalgeographic.com/environment/article/pacific-ocean | O15: FALSE | P15: =IF(O15="","",IF(O15&""=F15&"",1,0))
A16: synthetic | B16: 15 | C16: Vitamin C cures cancer. | D16: Health | E16: 00:00-00:00 | F16: FALSE | G16: 0.6 | H16: 0.6 | K16: TRUE | L16: 5 | M16: Vitamin C does not cure cancer. | N16: https://www.mayoclinic.org/diseases-conditions/cancer/expert-answers/alternative-cancer-treatment/faq-20057968 https://pmc.ncbi.nlm.nih.gov/articles/PMC9231292 https://blog.dana-farber.org/insight/2025/04/vitamin-c-triggers-cancer-immune-response https://sunridgemedical.com/high-dose-vitamin-c-for-cancer https://medicineiowa.org/spring-2025/c-believe | O16: FALSE | P16: =IF(O16="","",IF(O16&""=F16&"",1,0))
A17: synthetic | B17: 16 | C17: Coffee is bad for your health. | D17: Health | E17: 00:00-00:00 | F17: FALSE | G17: 0.687 | H17: 0.687 | K17: FALSE | L17: 5 | M17: Coffee is not bad for your health. | N17: https://utswmed.org/medblog/is-coffee-good-for-you https://www.mayoclinic.org/healthy-lifestyle/nutrition-and-healthy-eating/expert-answers/coffee-and-health/faq-20058339 https://pmc.ncbi.nlm.nih.gov/articles/PMC12348139 https://www.heartandstroke.ca/articles/myths-and-truths-about-coffee https://www.ramsayhealth.co.uk/blog/lifestyle/drinking-coffee---the-good-the-bad-and-the-ugly | O17: UNVERIFIABLE | P17: =IF(O17="","",IF(O17&""=F17&"",1,0))
A18: synthetic | B18: 17 | C18: Eating eggs causes heart disease. | D18: Health | E18: 00:00-00:00 | F18: FALSE | G18: 0.6 | H18: 0.6 | K18: TRUE | L18: 5 | M18: Eggs do not cause heart disease. | N18: https://www.mayoclinic.org/diseases-conditions/high-blood-cholesterol/expert-answers/cholesterol/faq-20058468 https://health.clevelandclinic.org/how-many-eggs-can-you-eat-on-a-heart-healthy-diet https://www.bhf.org.uk/informationsupport/heart-matters-magazine/news/behind-the-headlines/eggs-and-heart-disease https://im-health.com/the-truth-about-eggs-debunking-the-myths-and-understanding-the-facts https://www.pharmacytimes.com/view/fun-fact-researchers-crack-the-myth-of-high-cholesterol-and-eggs | O18: UNVERIFIABLE | P18: =IF(O18="","",IF(O18&""=F18&"",1,0))
A19: synthetic | B19: 18 | C19: Organic food is healthier than conventional food. | D19: Health | E19: 00:00-00:00 | F19: UNVERIFIABLE | G19: 0 | H19: 0 | L19: 4 | M19: Evidence does not show that organic food is definitively healthier than conventional food. | N19: https://pmc.ncbi.nlm.nih.gov/articles/PMC10987935 https://www.mayoclinic.org/healthy-lifestyle/nutrition-and-healthy-eating/in-depth/organic-food/art-20043880 https://www.catholichealthli.org/blog/organic-food-really-better-you https://geneticliteracyproject.org/gmo-faq/are-organic-foods-healthier-than-conventional-foods | O19: UNVERIFIABLE | P19: =IF(O19="","",IF(O19&""=F19&"",1,0))
A20: synthetic | B20: 19 | C20: Red wine is good for your heart. | D20: Health | E20: 00:00-00:00 | F20: UNVERIFIABLE | G20: 0 | H20: 0 | L20: 4 | M20: Research does not confirm that red wine is good for heart health. | N20: https://www.heart.org/en/news/2019/05/24/drinking-red-wine-for-heart-health-read-this-before-you-toast https://www.mayoclinic.org/diseases-conditions/heart-disease/in-depth/red-wine/art-20048281 https://www.massgeneralbrigham.org/en/health-wellness/red-wine-good-for-heart https://www.health.harvard.edu/blog/is-red-wine-good-actually-for-your-heart-2018021913285 | O20: UNVERIFIABLE | P20: =IF(O20="","",IF(O20&""=F20&"",1,0))
A21: synthetic | B21: 20 | C21: Cell phones cause brain cancer. | D21: Health | E21: 00:00-00:00 | F21: FALSE | G21: 0.711 | H21: 0.711 | K21: FALSE | L21: 4 | M21: Cell phones do not cause brain cancer. | N21: https://blog.dana-farber.org/insight/2026/03/cellphones-cause-cancer https://www.cancer.gov/about-cancer/causes-prevention/risk/radiation/cell-phones-fact-sheet https://hsph.harvard.edu/news/cell-phones-dont-cause-brain-cancer-study https://www.cancer.org/cancer/risk-prevention/radiation-exposure/cellular-phones.html | O21: UNVERIFIABLE | P21: =IF(O21="","",IF(O21&""=F21&"",1,0))
A22: synthetic | B22: 21 | C22: Artificial sweeteners cause cancer in humans. | D22: Health | E22: 00:00-00:00 | F22: FALSE | G22: 0.6 | H22: 0.6 | K22: TRUE | L22: 5 | M22: Artificial sweeteners do not cause cancer in humans. | N22: https://www.cancer.gov/about-cancer/causes-prevention/risk/diet/artificial-sweeteners-fact-sheet https://pmc.ncbi.nlm.nih.gov/articles/PMC8946744 https://www.cancerresearchuk.org/about-cancer/causes-of-cancer/cancer-myths-questions/do-artificial-sweeteners-cause-cancer https://oncodaily.com/oncolibrary/artificial-sweeteners-cause-cancer https://www.goodrx.com/well-being/diet-nutrition/artificial-sweeteners-saccharin-aspartame-and-cancer | O22: UNVERIFIABLE | P22: =IF(O22="","",IF(O22&""=F22&"",1,0))
A23: synthetic | B23: 22 | C23: Playing video games makes children more violent. | D23: Science | E23: 00:00-00:00 | F23: UNVERIFIABLE | G23: 0 | H23: 0 | L23: 5 | M23: Evidence on video games making children more violent is mixed and not definitive. | N23: https://en.wikipedia.org/wiki/Violence_and_video_games https://www.oneworldeducation.org/our-students-writing/violent-video-games https://yvpc.sph.umich.edu/video-games-influence-violent-behavior https://magazine.wsu.edu/web-extra/the-evidence-that-video-game-violence-leads-to-real-world-aggression https://www.health.harvard.edu/newsletter_article/violent-video-games-and-young-people. | O23: UNVERIFIABLE | P23: =IF(O23="","",IF(O23&""=F23&"",1,0))
A24: synthetic | B24: 23 | C24: Humans will colonize Mars by 2040. | D24: Technology | E24: 00:00-00:00 | F24: UNVERIFIABLE | G24: 0 | H24: 0 | L24: 5 | M24: We can't confirm humans will colonize Mars by 2040. | N24: https://en.wikipedia.org/wiki/Colonization_of_Mars https://www.truthdig.com/articles/humans-will-never-colonize-mars-and-musk-knows-it https://pmc.ncbi.nlm.nih.gov/articles/PMC6383964 | O24: UNVERIFIABLE | P24: =IF(O24="","",IF(O24&""=F24&"",1,0))
A25: synthetic | B25: 24 | C25: Daily multivitamins improve the health of healthy adults. | D25: Health | E25: 00:00-00:00 | F25: UNVERIFIABLE | G25: 0 | H25: 0 | L25: 4 | M25: Evidence is mixed on whether daily multivitamins improve health in healthy adults. | N25: https://lpi.oregonstate.edu/research-insider/multivitamin-health-benefits https://ods.od.nih.gov/factsheets/MVMS-HealthProfessional https://pmc.ncbi.nlm.nih.gov/articles/PMC12921372 https://www.osfhealthcare.org/blog/do-multivitamins-work-and-should-you-take-them | O25: UNVERIFIABLE | P25: =IF(O25="","",IF(O25&""=F25&"",1,0))
A26: synthetic | B26: 25 | C26: Fasting is the best way to lose weight. | D26: Health | E26: 00:00-00:00 | F26: FALSE | G26: 0.6 | H26: 0.6 | K26: TRUE | L26: 5 | M26: Fasting is not the best way to lose weight. | N26: https://dietitiansaustralia.org.au/health-advice/intermittent-fasting https://www.mayoclinichealthsystem.org/hometown-health/speaking-of-health/intermittent-fasting-fad-or-solution https://siuh.northwell.edu/surgery/bariatric-surgery/articles/steps-intermittent-fasting https://pmc.ncbi.nlm.nih.gov/articles/PMC11241639 https://www.cochrane.org/about-us/news/evidence-behind-intermittent-fasting-weight-loss-fails-match-hype | O26: UNVERIFIABLE | P26: =IF(O26="","",IF(O26&""=F26&"",1,0))

Sheet Metrics
A1: Accuracy (labelled claims) | B1: =IFERROR(SUM(Claims!P:P)/COUNT(Claims!P:P),"")
A3: Class | B3: Predicted | C3: Gold | D3: TP | E3: Precision | F3: Recall
A4: TRUE | B4: =SUMPRODUCT((Claims!$F$2:$F$500&""=A4)*(Claims!$O$2:$O$500&""<>"")) | C4: =SUMPRODUCT(--(Claims!$O$2:$O$500&""=A4)) | D4: =SUMPRODUCT((Claims!$F$2:$F$500&""=A4)*(Claims!$O$2:$O$500&""=A4)) | E4: =IFERROR(D4/B4,"") | F4: =IFERROR(D4/C4,"")
A5: FALSE | B5: =SUMPRODUCT((Claims!$F$2:$F$500&""=A5)*(Claims!$O$2:$O$500&""<>"")) | C5: =SUMPRODUCT(--(Claims!$O$2:$O$500&""=A5)) | D5: =SUMPRODUCT((Claims!$F$2:$F$500&""=A5)*(Claims!$O$2:$O$500&""=A5)) | E5: =IFERROR(D5/B5,"") | F5: =IFERROR(D5/C5,"")
A6: UNVERIFIABLE | B6: =SUMPRODUCT((Claims!$F$2:$F$500&""=A6)*(Claims!$O$2:$O$500&""<>"")) | C6: =SUMPRODUCT(--(Claims!$O$2:$O$500&""=A6)) | D6: =SUMPRODUCT((Claims!$F$2:$F$500&""=A6)*(Claims!$O$2:$O$500&""=A6)) | E6: =IFERROR(D6/B6,"") | F6: =IFERROR(D6/C6,"")
A8: Mean confidence | B8: With NLI | C8: Without NLI
A9: Correct verdicts | B9: =IFERROR(AVERAGEIFS(Claims!G:G,Claims!P:P,1),"") | C9: =IFERROR(AVERAGEIFS(Claims!H:H,Claims!P:P,1),"")
A10: Incorrect verdicts | B10: =IFERROR(AVERAGEIFS(Claims!G:G,Claims!P:P,0),"") | C10: =IFERROR(AVERAGEIFS(Claims!H:H,Claims!P:P,0),"")
A11: Gap (correct - incorrect) | B11: =IFERROR(B9-B10,"") | C11: =IFERROR(C9-C10,"")
